MusMusculus	TRBD1*01		-1		GGGACAGGGGGC
MusMusculus	TRBD2*01		-1		GGGACTGGGGGGGC
MusMusculus	TRBJ1-1*01		17		CAAACACAGAAGTCTTCTTTGGTAAAGGAACCAGACTCACAGTTGTAG
MusMusculus	TRBJ1-2*01		17		CAAACTCCGACTACACCTTCGGCTCAGGGACCAGGCTTTTGGTAATAG
MusMusculus	TRBJ1-3*01		19		TTCTGGAAATACGCTCTATTTTGGAGAAGGAAGCCGGCTCATTGTTGTAG
MusMusculus	TRBJ1-4*01		20		TTTCCAACGAAAGATTATTTTTCGGTCATGGAACCAAGCTGTCTGTCTTGG
MusMusculus	TRBJ1-5*01		19		TAACAACCAGGCTCCGCTTTTTGGAGAGGGGACTCGACTCTCTGTTCTAG
MusMusculus	TRBJ2-1*01		19		TAACTATGCTGAGCAGTTCTTCGGACCAGGGACACGACTCACCGTCCTAG
MusMusculus	TRBJ2-2*01		20		CAAACACCGGGCAGCTCTACTTTGGTGAAGGCTCAAAGCTGACAGTGCTGG
MusMusculus	TRBJ2-3*01		18		AGTGCAGAAACGCTGTATTTTGGCTCAGGAACCAGACTGACTGTTCTCG
MusMusculus	TRBJ2-4*01		18		AGTCAAAACACCTTGTACTTTGGTGCGGGCACCCGACTATCGGTGCTAG
MusMusculus	TRBJ2-5*01		18		AACCAAGACACCCAGTACTTTGGGCCAGGCACTCGGCTCCTCGTGTTAG
MusMusculus	TRBJ2-7*01		16		CTCCTATGAACAGTACTTCGGTCCCGGCACCAGGCTCACGGTTTTAG
MusMusculus	TRBV1*01		273		GTGACTTTGCTGGAGCAAAACCCAAGGTGGCGTCTGGTACCACGTGGTCAAGCTGTGAACCTACGCTGCATCTTGAAGAATTCCCAGTATCCCTGGATGAGCTGGTATCAGCAGGATCTCCAAAAGCAACTACAGTGGCTGTTCACTCTGCGGAGTCCTGGGGACAAAGAGGTCAAATCTCTTCCCGGTGCTGATTACCTGGCCACACGGGTCACTGATACGGAGCTGAGGCTGCAAGTGGCCAACATGAGCCAGGGCAGAACCTTGTACTGCACCTGCAGTGCAGA
MusMusculus	TRBV12-1*01		273		GATTCTGGGGTTGTCCAGTCTCCAAGACACATAATCAAAGAAAAGGGAGGAAGGTCCGTTCTGACGTGTATTCCCATCTCTGGACATAGCAATGTGGTCTGGTACCAGCAGACTCTGGGGAAGGAATTAAAGTTCCTTATTCAGCATTATGAAAAGGTGGAGAGAGACAAAGGATTCCTACCCAGCAGATTCTCAGTCCAACAGTTTGATGACTATCACTCTGAAATGAACATGAGTGCCTTGGAACTGGAGGACTCTGCTATGTACTTCTGTGCCAGCTCTCTC
MusMusculus	TRBV12-2*01		273		AATTCTGGGGTTGTCCAGTCTCCAAGATACATAATCAAAGGAAAGGGAGAAAGGTCCATTCTAAAATGTATTCCCATCTCTGGACATCTCTCTGTGGCCTGGTATCAACAGACTCAGGGGCAGGAACTAAAGTTCTTCATTCAGCATTATGATAAAATGGAGAGAGATAAAGGAAACCTGCCCAGCAGATTCTCAGTCCAACAGTTTGATGACTATCACTCTGAGATGAACATGAGTGCCTTGGAGCTAGAGGACTCTGCCGTGTACTTCTGTGCCAGCTCTCTC
MusMusculus	TRBV13-1*01		273		GAGGCTGCAGTCACCCAAAGCCCTAGAAACAAGGTGACAGTAACAGGAGGAAACGTGACATTGAGCTGTCGCCAGACTAATAGCCACAACTACATGTACTGGTATCGGCAGGACACTGGGCATGGGCTGAGGCTGATCCATTACTCATATGGTGCTGGCAACCTTCGAATAGGAGATGTCCCTGATGGGTACAAGGCCACCAGAACAACGCAAGAAGACTTCTTCCTCCTGCTGGAATTGGCTTCTCCCTCTCAGACATCTTTGTACTTCTGTGCCAGCAGTGATG
MusMusculus	TRBV13-2*01		273		GAGGCTGCAGTCACCCAAAGCCCAAGAAACAAGGTGGCAGTAACAGGAGGAAAGGTGACATTGAGCTGTAATCAGACTAATAACCACAACAACATGTACTGGTATCGGCAGGACACGGGGCATGGGCTGAGGCTGATCCATTATTCATATGGTGCTGGCAGCACTGAGAAAGGAGATATCCCTGATGGATACAAGGCCTCCAGACCAAGCCAAGAGAACTTCTCCCTCATTCTGGAGTTGGCTACCCCCTCTCAGACATCAGTGTACTTCTGTGCCAGCGGTGATG
MusMusculus	TRBV13-3*01		273		GAGGCTGCAGTCACCCAAAGTCCAAGAAGCAAGGTGGCAGTAACAGGAGGAAAGGTGACATTGAGCTGTCACCAGACTAATAACCATGACTATATGTACTGGTATCGGCAGGACACGGGGCATGGGCTGAGGCTGATCCATTACTCATATGTCGCTGACAGCACGGAGAAAGGAGATATCCCTGATGGGTACAAGGCCTCCAGACCAAGCCAAGAGAATTTCTCTCTCATTCTGGAGTTGGCTTCCCTTTCTCAGACAGCTGTATATTTCTGTGCCAGCAGTGATG
MusMusculus	TRBV14*01		276		GAAGCTGGAGTCACCCAGTCTCCCAGATATGCAGTCCTACAGGAAGGGCAAGCTGTTTCCTTTTGGTGTGACCCTATTTCTGGACATGATACCCTTTACTGGTATCAGCAGCCCAGAGACCAGGGGCCCCAGCTTCTAGTTTACTTTCGGGATGAGGCTGTTATAGATAATTCACAGTTGCCCTCGGATCGATTTTCTGCTGTGAGGCCTAAAGGAACTAACTCCACTCTCAAGATCCAGTCTGCAAAGCAGGGCGACACAGCCACCTATCTCTGTGCCAGCAGTTTCT
MusMusculus	TRBV15*01		276		GATGCTGGAGTTACCCAGACACCCAGACATGAGGTGGCAGAGAAAGGACAAACAATAATCCTGAAGTGTGAGCCAGTTTCAGGCCACAATGACCTTTTCTGGTACAGACAGACCAAGATACAGGGACTAGAGTTGCTGAGCTACTTCCGCAGCAAGTCTCTTATGGAAGATGGTGGGGCTTTCAAGGATCGATTCAAAGCTGAGATGCTAAATTCATCCTTCTCCACTCTGAAGATTCAACCTACAGAACCCAAGGACTCAGCTGTGTATCTGTGTGCCAGCAGTTTAGC
MusMusculus	TRBV16*01		276		AATGCTGGTGTCATCCAAACACCTAGGCACAAGGTGACAGGGAAGGGACAAGAAGCAACTCTGTGGTGTGAGCCAATTTCAGGACATAGTGCTGTTTTCTGGTACAGACAGACCATTGTGCAGGGCCTGGAGTTCCTGACTTACTTTCGAAATCAAGCTCCTATAGATGATTCAGGGATGCCCAAGGAACGATTCTCAGCTCAGATGCCCAATCAGTCGCACTCAACTCTGAAGATCCAGAGCACGCAACCCCAGGACTCAGCGGTGTATCTTTGTGCAAGCAGCTTAGA
MusMusculus	TRBV17*01		273		GATACTACGGTTAAGCAGAACCCAAGATACAAGCTTGCAAGAGTTGGAAAACCAGTGAATTTGATCTGTTCTCAGACTATGAATCATGATACCATGTACTGGTACCAAAAGAAGCCAAACCAAGCACCAAAGCTTCTTCTTTTCTACTATGATAAGATTTTGAACAGGGAAGCTGACACTTTTGAGAAGTTCCAATCCAGTCGGCCTAACAATTCTTTCTGCTCTCTCTACATTGGCTCTGCAGGCCTAGAGTATTCTGCCATGTACCTCTGTGCTAGCAGTAGAGA
MusMusculus	TRBV19*01		273		GGTGGCATCATTACTCAGACACCCAAATTCCTGATTGGTCAGGAAGGGCAAAAACTGACCTTGAAATGTCAACAGAATTTCAATCATGATACAATGTACTGGTACCGACAGGATTCAGGGAAAGGATTGAGACTGATCTACTATTCAATAACTGAAAACGATCTTCAAAAAGGCGATCTATCTGAAGGCTATGATGCGTCTCGAGAGAAGAAGTCATCTTTTTCTCTCACTGTGACATCTGCCCAGAAGAACGAGATGGCCGTTTTTCTCTGTGCCAGCAGTATAG
MusMusculus	TRBV2*01		273		GACCCGAAAATTATCCAGAAACCAAAATATCTGGTGGCAGTCACAGGGAGCGAAAAAATCCTGATATGCGAACAGTATCTAGGCCACAATGCTATGTATTGGTATAGACAAAGTGCTAAGAAGCCTCTAGAGTTCATGTTTTCCTACAGCTATCAAAAACTTATGGACAATCAGACTGCCTCAAGTCGCTTCCAACCTCAAAGTTCAAAGAAAAACCATTTAGACCTTCAGATCACAGCTCTAAAGCCTGATGACTCGGCCACATACTTCTGTGCCAGCAGCCAAGA
MusMusculus	TRBV20*01		282		GGAGCACTCGTCTATCAATATCCCAGAAGAACCATCTGTAAGAGTGGAACTTCCATGAGGATGGAGTGTCAAGCTGTGGGTTTTCAGGCAACTTCTGTAGCTTGGTATCGTCAATCGCCTCAAAAGACATTTGAACTGATAGCACTTTCTACTGTGAACTCAGCAATCAAATATGAACAAAATTTTACCCAGGAAAAATTTCCCATCAGTCATCCCAACTTATCCTTTTCATCTATGACAGTTTTAAATGCATATCTTGAAGACAGAGGCTTATATCTCTGTGGTGCTAGGGA
MusMusculus	TRBV23*01		276		GATGCTGCAGTTACACAGAAGCCAAGATATTTGATCAAAATGAAAGGCCAGGAAGCAGAGATGAAATGTATCCCTGAAAAGGGGCACACTGCTGTTTTCTGGTATCAACAAAAGCAGAGCAAAGAATTAAAGTTCCTGATTTACTTTCAGAATCAACAGCCTCTTGATCAAATAGACATGGTCAAGGAGAGATTCTCAGCTGTGTGCCCCTCCAGCTCACTCTGCAGCCTGGGAATCAGAACGTGCGAAGCAGAAGACTCAGCACTGTACTTGTGCTCCAGCAGTCAATC
MusMusculus	TRBV24*01		276		GTTGCTGGAGTAACCCAGACTCCACGATACCTGGTCAAAGAGAAAGGACAGAAAGCACACATGAGCTGTAGTCCTGAAAAAGGGCACACTGCCTTTTACTGGTATCAACAGAACCAGAAACAAGAACTTACATTTTTGATTAGCTTTCGAAATGAAGAAATTATGGAACAAACAGACTTGGTCAAGAAGAGATTCTCAGCTAAGTGTTCCTCGAACTCACGCTGCATCCTGGAAATCCTATCCTCTGAAGAAGACGACTCAGCACTGTACCTCTGTGCCAGCAGTCTGTA
MusMusculus	TRBV26*01		276		AATTCAAAAGTCATTCAGACTCCAAGATATCTGGTGAAAGGGCAAGGACAAAAAGCAAAGATGAGGTGTATCCCTGAAAAGGGACATCCAGTTGTATTCTGGTATCAACAAAATAAGAACAATGAGTTTAAATTTTTGATTAACTTTCAGAATCAAGAAGTTCTTCAGCAAATAGACATGACTGAAAAACGATTCTCTGCTGAGTGTCCTTCAAACTCACCTTGCAGCCTAGAAATTCAGTCCTCTGAGGCAGGAGACTCAGCACTGTACCTCTGTGCCAGCAGTCTGTC
MusMusculus	TRBV29*01		273		GACATGAAAGTAACCCAGATGCCAAGATACCTGATCAAAAGAATGGGAGAGAATGTTTTGCTGGAATGTGGACAGGACATGAGCCATGAAACAATGTACTGGTATCGACAAGACCCTGGTCTGGGGCTACAGCTGATTTATATCTCATACGATGTTGATAGTAACAGCGAAGGAGACATCCCTAAAGGATACAGGGTCTCACGGAAGAAGCGGGAGCATTTCTCCCTGATTCTGGATTCTGCTAAAACAAACCAGACATCTGTGTACTTCTGTGCTAGCAGTTTATC
MusMusculus	TRBV3*01		276		GGACCCAAAGTCTTACAGATCCCAAGTCATCAAATAATAGATATGGGGCAGATGGTGACCCTCAATTGTGACCCAGTTTCTAATCACCTATATTTTTATTGGTATAAACAGATTTTAGGACAGCAGATGGAGTTTCTGGTTAATTTCTACAATGGTAAAGTCATGGAGAAGTCTAAACTGTTTAAGGATCAGTTTTCAGTTGAAAGACCAGATGGTTCATATTTCACTCTGAAAATCCAACCCACAGCACTGGAGGACTCAGCTGTGTACTTCTGTGCCAGCAGCTTAGC
MusMusculus	TRBV30*01		279		AGTGTCCTCCTCTACCAAAAGCCAAACAGGGACATCTGTCAAAGTGGCACTTCACTGAAAATCCAGTGTGTGGCTGACAGTCAAGTTGTTTCGATGTTTTGGTACCAACAGTTCCAGGAACAGAGCTTGATGCTCATGGCAACTGCAAATGAAGGCTCTGAAGCCACATACGAGAGTGGATTCACCAAGGACAAGTTTCCAATCAGCCGGCCAAACCTAACATTCTCAACGTTGACAGTGAACAATGCAAGGCCTGGAGACAGCAGTATCTATTTCTGTAGTTCTAGAGA
MusMusculus	TRBV31*01		273		GCTCAGACTATCCATCAATGGCCAGTTGCCGAGATCAAGGCTGTGGGCAGCCCACTGTCTCTGGGGTGTACCATAAAGGGGAAATCAAGCCCTAACCTCTACTGGTACTGGCAGGCCACAGGAGGCACCCTCCAGCAACTCTTCTACTCTATTACTGTTGGCCAGGTAGAGTCGGTGGTGCAACTGAACCTCTCAGCTTCCAGGCCGAAGGACGACCAATTCATCCTAAGCACGGAGAAGCTGCTTCTCAGCCACTCTGGCTTCTACCTCTGTGCCTGGAGTCT
MusMusculus	TRBV4*01		273		GAGACGGCTGTTTTCCAGACTCCAAACTATCATGTCACACAGGTGGGAAATGAAGTGTCTTTCAATTGTAAGCAAACTCTGGGCCACGATACTATGTATTGGTACAAGCAAGACTCTAAGAAATTGCTGAAGATTATGTTTAGCTACAATAATAAGCAACTCATTGTAAACGAAACAGTTCCAAGGCGCTTCTCACCTCAGTCTTCAGATAAAGCTCATTTGAATCTTCGAATCAAGTCTGTAGAGCCGGAGGACTCTGCTGTGTATCTCTGTGCCAGCAGCTAAGA
MusMusculus	TRBV5*01		270		AACACTAAAATTACTCAGTCACCAAGATATCTAATCCTGGGAAGAGCAAATAAGTCTTTGGAATGTGAGCAACATCTGGGACATAATGCTATGTACTGGTATAAACAGAGCGCTGAGAAGCCGCCAGAGCTCATGTTTCTCTACAATCTTAAACAGTTGATTCGAAATGAGACGGTGCCCAGTCGTTTTATACCTGAATGCCCAGACAGCTCCAAGCTACTTTTACATATATCTGCCGTGGATCCAGAAGACTCAGCTGTCTATTTTTGTGCCAGCAGCCAAGA
